country,week,NO2,PM2.5
Argentina,1,2.875,19.04166667
Argentina,2,4.75,31.17857143
Argentina,3,6.671428571,27.5
Argentina,4,4.833333333,23.75
Argentina,5,4.357142857,26.08333333
Argentina,6,3.910714286,18.85714286
Argentina,7,6.714285714,21.29166667
Argentina,8,5.571428571,34.71428571
Argentina,9,4.958333333,37.98214286
Argentina,10,4.666666667,37.95238095
Argentina,11,4.785714286,40.85714286
Argentina,12,3.642857143,32.28571429
Argentina,13,2.785714286,30.21428571
Argentina,14,2.25,29
Australia,1,4.038333333,46.275
Australia,2,5.366666667,49.66468254
Australia,3,5.95047619,42.25936508
Australia,4,5.766666667,28.12619048
Australia,5,6.011904762,26.99285714
Australia,6,5.283333333,30.52047619
Australia,7,5.004761905,22.93492063
Australia,8,5.457142857,22.15952381
Australia,9,6.464761905,21.43035714
Australia,10,5.50952381,24.44761905
Australia,11,5.280952381,21.79333333
Australia,12,5.423809524,21.17738095
Australia,13,4.418095238,24.85428571
Australia,14,5.7,18.08333333
Austria,1,12.4,66.75
Austria,2,15.85714286,72.85714286
Austria,3,12.28571429,74.71428571
Austria,4,14.14285714,69.71428571
Austria,5,12,40.28571429
Austria,6,12.14285714,26.28571429
Austria,7,10.57142857,30.71428571
Austria,8,12.42857143,30.85714286
Austria,9,10.57142857,17.57142857
Austria,10,9.857142857,25.57142857
Austria,11,10.14285714,24
Austria,12,13,50.14285714
Austria,13,10,55
Austria,14,10,44.5
Bolivia,1,8.6,19.1875
Bolivia,2,7.928571429,22.25238095
Bolivia,3,9.585714286,23.9047619
Bolivia,4,10.60714286,26.78095238
Bolivia,5,7.828571429,24.83333333
Bolivia,6,9.410714286,25.63888889
Bolivia,7,11.35714286,27.76190476
Bolivia,8,7.5,32.76190476
Bolivia,9,6.857142857,24.68253968
Bolivia,10,6.535714286,25.95238095
Bolivia,11,3.607142857,22.71428571
Bolivia,12,5.714285714,29.0952381
Bolivia,13,3.964285714,23.85714286
Bolivia,14,4.75,28
Brazil,1,12.9375,39.16666667
Brazil,2,18.16071429,47.19642857
Brazil,3,15.36785714,44.79761905
Brazil,4,14.18928571,58.83333333
Brazil,5,16.07142857,48.96428571
Brazil,6,13.67857143,36.875
Brazil,7,14.49642857,42.47301587
Brazil,8,15.30357143,53.55555556
Brazil,9,13.82142857,57.52678571
Brazil,10,13.21428571,66.01785714
Brazil,11,13.875,57.41428571
Brazil,12,11.78571429,56.82142857
Brazil,13,11.08928571,49.32142857
Brazil,14,13.0625,63.9375
Cambodia,1,,
Cambodia,2,,
Cambodia,3,,
Cambodia,4,,
Cambodia,5,,
Cambodia,6,,
Cambodia,7,,
Cambodia,8,,
Cambodia,9,,
Cambodia,10,,
Cambodia,11,6.4,149.75
Cambodia,12,7,143.5714286
Cambodia,13,4.5,151.4285714
Cambodia,14,4,151
Canada,1,8.666666667,21.88541667
Canada,2,10.5952381,26.46428571
Canada,3,10.64285714,30.08928571
Canada,4,14.42857143,30.79761905
Canada,5,12.5,25.27380952
Canada,6,10.27380952,23.57738095
Canada,7,10.67857143,32.97619048
Canada,8,10.57142857,28.83928571
Canada,9,9.321428571,28.69047619
Canada,10,8.071428571,25.21130952
Canada,11,6.607142857,26.17857143
Canada,12,7.738095238,30.42857143
Canada,13,6.428571429,27.64880952
Canada,14,4.5,21.52083333
Chile,1,13.9,60.41666667
Chile,2,23.5,68.80952381
Chile,3,19.35714286,65.00793651
Chile,4,14.14285714,63.77777778
Chile,5,14.14285714,59.38095238
Chile,6,14.02857143,60.0952381
Chile,7,18.6,82.58730159
Chile,8,20.35714286,73.96825397
Chile,9,19.5,78.61904762
Chile,10,19.5,90.33333333
Chile,11,21,91.42857143
Chile,12,19.33333333,93.46031746
Chile,13,16.57142857,93.42857143
Chile,14,19,108.1666667
China,1,32.51,141.0583333
China,2,24.07714286,103.8174603
China,3,25.28095238,147.4047619
China,4,20.2,135.7904762
China,5,15.63015873,143.3
China,6,14.65238095,104.847619
China,7,16.4952381,134.5238095
China,8,15.82857143,90.08571429
China,9,15.19047619,110.7738095
China,10,15.04761905,98.84761905
China,11,17.2984127,101.2952381
China,12,19.48571429,115.4333333
China,13,16.26190476,90.20714286
China,14,13.5,89.81666667
Czech Republic,1,14.25,84.91666667
Czech Republic,2,13.5,52.28571429
Czech Republic,3,14.28571429,99.04761905
Czech Republic,4,14.92857143,79.22857143
Czech Republic,5,11.07142857,50.92857143
Czech Republic,6,8.857142857,32.92857143
Czech Republic,7,9.571428571,57.78571429
Czech Republic,8,9.285714286,31.14285714
Czech Republic,9,8.357142857,20.25
Czech Republic,10,8.638095238,33.15238095
Czech Republic,11,7.952380952,32.11904762
Czech Republic,12,11.52380952,78.71428571
Czech Republic,13,6.857142857,78.07142857
Czech Republic,14,4.166666667,46.25
Ecuador,1,,47.75
Ecuador,2,,51.35714286
Ecuador,3,,48.92857143
Ecuador,4,,44.14285714
Ecuador,5,,59.5
Ecuador,6,,65.16666667
Ecuador,7,,70.5
Ecuador,8,,53.42857143
Ecuador,9,,51.57142857
Ecuador,10,,59.71428571
Ecuador,11,,60.17142857
Ecuador,12,,33.60714286
Ecuador,13,,50.42857143
Ecuador,14,,51.5
Egypt,1,5.2,
Egypt,2,8.714285714,
Egypt,3,8.285714286,
Egypt,4,8.428571429,
Egypt,5,7.571428571,
Egypt,6,8.142857143,
Egypt,7,11.14285714,
Egypt,8,8.714285714,
Egypt,9,8.714285714,
Egypt,10,8.714285714,
Egypt,11,7.714285714,
Egypt,12,10.42857143,
Egypt,13,3,
Egypt,14,3,
Finland,1,4.5,21.3125
Finland,2,8.178571429,22.28571429
Finland,3,5.321428571,23.14285714
Finland,4,5.821428571,15.21428571
Finland,5,5.714285714,23.89285714
Finland,6,6.75,17.03571429
Finland,7,6.321428571,24.60714286
Finland,8,4.5,24.21428571
Finland,9,7.678571429,22.89285714
Finland,10,8.214285714,23.42857143
Finland,11,5.142857143,27.21428571
Finland,12,5.571428571,21.64285714
Finland,13,3.714285714,33.10714286
Finland,14,7.25,16.375
France,1,16.23194444,65.88541667
France,2,17.41666667,51.7875
France,3,14.59920635,38.72619048
France,4,18.07142857,80.46428571
France,5,16.22619048,44.23809524
France,6,15.79761905,44.83630952
France,7,13.49206349,36.64821429
France,8,16.25396825,34.82738095
France,9,13.8531746,32.53571429
France,10,14.29166667,29.58492063
France,11,12.76984127,35.01190476
France,12,11.49603175,55.92857143
France,13,7.873015873,64.25
France,14,6.861111111,42.44791667
Germany,1,12.12333333,56.19444444
Germany,2,12.6452381,41.61904762
Germany,3,12.1452381,42.66666667
Germany,4,17.65952381,64.04761905
Germany,5,8.79047619,32.95238095
Germany,6,13.43571429,38.38095238
Germany,7,8.771428571,51.71428571
Germany,8,7.419047619,16.71428571
Germany,9,9.019047619,20.19047619
Germany,10,11.77380952,30.28571429
Germany,11,8.466666667,20.57142857
Germany,12,11.7952381,52.23809524
Germany,13,8.721428571,59.52380952
Germany,14,10.14166667,23.83333333
Greece,1,2.2,24.125
Greece,2,3.428571429,24.32142857
Greece,3,1.571428571,24.35714286
Greece,4,4.285714286,33.32142857
Greece,5,4.5,35.24404762
Greece,6,3.428571429,26.83928571
Greece,7,3.714285714,31.60714286
Greece,8,3.571428571,32.46428571
Greece,9,5.285714286,28.46428571
Greece,10,4.142857143,30.5
Greece,11,2,32.83571429
Greece,12,1.428571429,39.35119048
Greece,13,1.285714286,37.22142857
Greece,14,0.5,38.75
Hungary,1,15.27916667,87.125
Hungary,2,20.67857143,107.7857143
Hungary,3,13.78571429,90.5
Hungary,4,18.57142857,105.4785714
Hungary,5,16.21428571,61.5
Hungary,6,10.85,30.13095238
Hungary,7,14.23809524,42.35714286
Hungary,8,16.85714286,59.57142857
Hungary,9,11.82142857,36.45238095
Hungary,10,14.25,50.28571429
Hungary,11,17.64285714,52.82142857
Hungary,12,19.85714286,75.85714286
Hungary,13,9.25,57.57142857
Hungary,14,7.25,73.625
India,1,17.23333333,153.6055556
India,2,14.6547619,138.2914286
India,3,15.49285714,137.9142857
India,4,16.51761905,144.0901587
India,5,14.55714286,146.0952381
India,6,15.5047619,144.4571429
India,7,18.35714286,145.5142857
India,8,22.0047619,148.4380952
India,9,19.57142857,125.5904762
India,10,14.99714286,115.3504762
India,11,14.27619048,111.5619048
India,12,14.34761905,124.247619
India,13,4.928571429,100.7238095
India,14,4.25,84.75
Iran,1,62.475,96.9375
Iran,2,61.35714286,93.1875
Iran,3,64,99.8125
Iran,4,65.82142857,100.6934524
Iran,5,77.66071429,105.9732143
Iran,6,64.5,77.72321429
Iran,7,40.10714286,63.08928571
Iran,8,44.39285714,100.4821429
Iran,9,44.44642857,94.08630952
Iran,10,38.10714286,77.72619048
Iran,11,39.41071429,71.50892857
Iran,12,22.55357143,71.625
Iran,13,18.23214286,60.91071429
Iran,14,19.9375,57.5625
Iraq,1,,131.25
Iraq,2,,108.1428571
Iraq,3,,116.1428571
Iraq,4,,103
Iraq,5,,
Iraq,6,1,
Iraq,7,1,
Iraq,8,1,114.6
Iraq,9,1,141.2857143
Iraq,10,1,86.47142857
Iraq,11,1,113.0119048
Iraq,12,1,88.85714286
Iraq,13,,73.21428571
Iraq,14,,65.25
Ireland,1,10.25,30.66666667
Ireland,2,11.57142857,32
Ireland,3,12.57142857,30.85714286
Ireland,4,23.42857143,48.14285714
Ireland,5,9.285714286,24.42857143
Ireland,6,18.14285714,45.71428571
Ireland,7,11.14285714,
Ireland,8,6.714285714,
Ireland,9,15.14285714,23.83333333
Ireland,10,18.28571429,37.71428571
Ireland,11,7.857142857,23.33333333
Ireland,12,23.14285714,25.57142857
Ireland,13,31,33.33333333
Ireland,14,17,
Israel,1,29.8,51.75
Israel,2,78.75714286,60.85714286
Israel,3,114.7857143,74.64285714
Israel,4,36.21428571,58.35714286
Israel,5,23.64285714,58
Israel,6,12.35714286,55.92857143
Israel,7,14,49.21428571
Israel,8,11.78571429,98.07142857
Israel,9,11.5,69.14285714
Israel,10,14.85714286,65.84285714
Israel,11,11.14285714,74.78571429
Israel,12,5.857142857,56.78571429
Israel,13,6.714285714,73.92857143
Israel,14,8.5,50
Italy,1,26.66666667,119.96875
Italy,2,24.8452381,105.4776786
Italy,3,23.33333333,112.6964286
Italy,4,30.19047619,97.26785714
Italy,5,28.47619048,99
Italy,6,25.42857143,71.82142857
Italy,7,25.85714286,76.91071429
Italy,8,28.32539683,90.44642857
Italy,9,19.08730159,66.73214286
Italy,10,20.88888889,56.20357143
Italy,11,19.33333333,60.71428571
Italy,12,18.57142857,76.57142857
Italy,13,11.47619048,53.39285714
Italy,14,9.666666667,66.9375
Japan,1,15.64,48.7625
Japan,2,23.29285714,41.46428571
Japan,3,24.78571429,49.27857143
Japan,4,22.52857143,53.81428571
Japan,5,19.17142857,31.125
Japan,6,20.18571429,48.70714286
Japan,7,29.46428571,57.69285714
Japan,8,21.54285714,49.29285714
Japan,9,22.82380952,45.59285714
Japan,10,18.51428571,46.01428571
Japan,11,21.23571429,45.58571429
Japan,12,19.12857143,48.48571429
Japan,13,17.72142857,52.19285714
Japan,14,18.7,39.95
Jordan,1,9.65,
Jordan,2,9.178571429,
Jordan,3,9.464285714,
Jordan,4,9.071428571,
Jordan,5,12.21428571,
Jordan,6,12.04285714,
Jordan,7,11.92857143,
Jordan,8,11.32738095,
Jordan,9,11.98809524,
Jordan,10,12.91071429,
Jordan,11,11.57142857,
Jordan,12,7.392857143,
Jordan,13,5.785714286,
Jordan,14,5.625,
Kuwait,1,18.8,66.33333333
Kuwait,2,33.57142857,71.52380952
Kuwait,3,24.4,75.34920635
Kuwait,4,22.85714286,63.38888889
Kuwait,5,21.28571429,70.23809524
Kuwait,6,18,71.52380952
Kuwait,7,22.2,66.51587302
Kuwait,8,24.42857143,62.20634921
Kuwait,9,21.85714286,73.9047619
Kuwait,10,22,66.95238095
Kuwait,11,22,61.13333333
Kuwait,12,16.16666667,62.11904762
Kuwait,13,17.71428571,65.19047619
Kuwait,14,13,71.33333333
Mexico,1,12.9,53.35416667
Mexico,2,19.52380952,72.01714286
Mexico,3,16.13333333,73.87460317
Mexico,4,17.26190476,60.86825397
Mexico,5,21.80952381,60.97857143
Mexico,6,20.74761905,60.58095238
Mexico,7,26.03214286,64.98412698
Mexico,8,28.38095238,66.81269841
Mexico,9,25.79761905,61.23809524
Mexico,10,27.22619048,64.9047619
Mexico,11,26.7047619,62.48857143
Mexico,12,25.48611111,57.66587302
Mexico,13,28.48214286,61.03333333
Mexico,14,11.66666667,72.36666667
Netherlands,1,12.78333333,74.70833333
Netherlands,2,14.51785714,38.85714286
Netherlands,3,12.29166667,32.14285714
Netherlands,4,22.66071429,72.38095238
Netherlands,5,10.75595238,38.5
Netherlands,6,15.71428571,48.47619048
Netherlands,7,9.452380952,34.9047619
Netherlands,8,7.970238095,34.5
Netherlands,9,11.22619048,31.57142857
Netherlands,10,13.33333333,39.11904762
Netherlands,11,9.660714286,33.69047619
Netherlands,12,9.892857143,38.52380952
Netherlands,13,8.297619048,60
Netherlands,14,9.1875,30.91666667
New Zealand,1,0.7,33
New Zealand,2,0.928571429,43
New Zealand,3,1.285714286,38.14285714
New Zealand,4,1.142857143,39
New Zealand,5,0.928571429,33.85714286
New Zealand,6,1,37
New Zealand,7,1.571428571,46
New Zealand,8,0.428571429,
New Zealand,9,0.428571429,
New Zealand,10,1.771428571,28
New Zealand,11,1.285714286,73.5
New Zealand,12,2.142857143,50.71428571
New Zealand,13,0.857142857,52
New Zealand,14,0.75,44.5
Peru,1,6.6,42.625
Peru,2,3.714285714,37.35714286
Peru,3,5.571428571,44
Peru,4,5.119047619,48.64285714
Peru,5,4.214285714,45.78571429
Peru,6,11,41.85714286
Peru,7,10,54.21428571
Peru,8,8.428571429,35.19047619
Peru,9,3.595238095,54.16666667
Peru,10,4.5,55.96428571
Peru,11,,40
Peru,12,,34.5
Peru,13,5,33.78571429
Peru,14,5.75,46.375
Philippines,1,5.233333333,66
Philippines,2,5.849206349,51.28571429
Philippines,3,6.476190476,54.5
Philippines,4,6.19047619,38.23809524
Philippines,5,5.817460317,40.16666667
Philippines,6,8.258730159,75.4047619
Philippines,7,8.055555556,75.46428571
Philippines,8,8.003968254,50.72380952
Philippines,9,9.297619048,71.96428571
Philippines,10,8.80952381,58.3968254
Philippines,11,5,90.07142857
Philippines,12,6.928571429,90.64285714
Philippines,13,3.571428571,83.14285714
Philippines,14,5.5,77.5
Poland,1,12.4,93.625
Poland,2,14,93
Poland,3,17.35714286,111.6428571
Poland,4,13.78571429,99.5
Poland,5,13.57142857,78
Poland,6,15.46428571,66.42857143
Poland,7,11.14285714,63.07142857
Poland,8,13.21428571,61.78571429
Poland,9,14.64285714,57.28571429
Poland,10,17.57142857,72.14285714
Poland,11,12,62
Poland,12,13.5,82.78571429
Poland,13,11.42857143,87.92857143
Poland,14,15,85
Portugal,1,13.325,104.375
Portugal,2,10.39285714,69.09285714
Portugal,3,10.07142857,77.07142857
Portugal,4,10.85714286,58.21428571
Portugal,5,8.964285714,50.14285714
Portugal,6,13.17857143,62.91071429
Portugal,7,11.71428571,58.39285714
Portugal,8,11.10714286,73.21428571
Portugal,9,9.285714286,59.53571429
Portugal,10,7.142857143,43.42857143
Portugal,11,7.464285714,50.92857143
Portugal,12,6.892857143,50.39285714
Portugal,13,4.857142857,48.75
Portugal,14,5.625,53.75
Russia,1,11.4,32.96527778
Russia,2,16.35714286,41.45634921
Russia,3,16.07142857,31.82142857
Russia,4,14.75,33.23571429
Russia,5,16.95238095,60.81613757
Russia,6,15.85714286,30.13888889
Russia,7,17.28571429,39.13492063
Russia,8,16.28571429,41.86904762
Russia,9,21.38095238,37.93253968
Russia,10,15.69047619,41.52777778
Russia,11,14.69047619,38.13095238
Russia,12,7.571428571,26.39285714
Russia,13,9.357142857,31.86904762
Russia,14,5,26
Saudi Arabia,1,8.895833333,
Saudi Arabia,2,6.226190476,
Saudi Arabia,3,10.66468254,
Saudi Arabia,4,6.479166667,
Saudi Arabia,5,7.583333333,
Saudi Arabia,6,6.535714286,
Saudi Arabia,7,5.46031746,
Saudi Arabia,8,5.261111111,
Saudi Arabia,9,8.422222222,
Saudi Arabia,10,7.147619048,
Saudi Arabia,11,5.966666667,
Saudi Arabia,12,4.055555556,
Saudi Arabia,13,3.297619048,
Saudi Arabia,14,1.75,
Serbia,1,11.2,157.25
Serbia,2,16.14285714,139.2857143
Serbia,3,13,155.1428571
Serbia,4,17.57142857,146.4285714
Serbia,5,13.71428571,109.4285714
Serbia,6,10.42857143,55.14285714
Serbia,7,14,81.85714286
Serbia,8,15.14285714,96.28571429
Serbia,9,12.42857143,69.71428571
Serbia,10,9.571428571,69.28571429
Serbia,11,11.85714286,81.57142857
Serbia,12,10.71428571,95.42857143
Serbia,13,3.285714286,93.14285714
Serbia,14,2.5,109.5
Singapore,1,,38.1875
Singapore,2,,36.57142857
Singapore,3,,52.82142857
Singapore,4,,39.67857143
Singapore,5,,34.07142857
Singapore,6,,48.35714286
Singapore,7,,34.46428571
Singapore,8,,38.71428571
Singapore,9,,42.21428571
Singapore,10,,39.92857143
Singapore,11,,50.21428571
Singapore,12,,40.42857143
Singapore,13,,39.60714286
Singapore,14,,43.375
South Africa,1,7.05625,63.140625
South Africa,2,7.5,43.34107143
South Africa,3,6.410714286,46.74285714
South Africa,4,7.571428571,48.16964286
South Africa,5,7.785714286,45.54107143
South Africa,6,9.035714286,62.9077381
South Africa,7,5.119047619,47
South Africa,8,4.392857143,51.44047619
South Africa,9,8.910714286,46.47589286
South Africa,10,7.553571429,40.35714286
South Africa,11,6.735714286,44.97767857
South Africa,12,7.023809524,45.94047619
South Africa,13,5.1875,40.13392857
South Africa,14,5.0625,39.8125
South Korea,1,43.975,119.46875
South Korea,2,32.69642857,100.25
South Korea,3,42.98214286,94.51785714
South Korea,4,39.75,113.25
South Korea,5,30.875,62.17857143
South Korea,6,29.91071429,86.55357143
South Korea,7,45.07142857,120.8214286
South Korea,8,33.26785714,91.94642857
South Korea,9,32.64285714,57.375
South Korea,10,35.85714286,99.42857143
South Korea,11,26.98214286,88.03571429
South Korea,12,25.625,73.33928571
South Korea,13,30.26785714,84.71428571
South Korea,14,43.875,79.8125
Spain,1,20.975,82.875
Spain,2,26.64285714,60.14285714
Spain,3,22.92857143,70.07142857
Spain,4,15.42857143,41.25
Spain,5,15.375,32.53571429
Spain,6,20.66071429,60.5
Spain,7,17.96428571,69.42857143
Spain,8,22.91071429,49.89285714
Spain,9,16.66071429,52.03571429
Spain,10,11.5,23.46428571
Spain,11,17.75,46
Spain,12,7.898809524,41.69642857
Spain,13,7.178571429,31.32142857
Spain,14,7.1875,37.375
Sweden,1,3.4,
Sweden,2,5.285714286,
Sweden,3,5.471428571,
Sweden,4,8.142857143,
Sweden,5,7.714285714,
Sweden,6,11.71428571,
Sweden,7,7.714285714,
Sweden,8,5.857142857,
Sweden,9,8.642857143,
Sweden,10,8.857142857,
Sweden,11,6.142857143,
Sweden,12,6.642857143,
Sweden,13,6.785714286,
Sweden,14,6.25,
Thailand,1,13.93333333,93.66666667
Thailand,2,19.04761905,144.2380952
Thailand,3,12.66666667,121.8095238
Thailand,4,10.17857143,103.8928571
Thailand,5,13.07142857,103.2857143
Thailand,6,10.25,116
Thailand,7,8.535714286,99.75
Thailand,8,13.53571429,116.4285714
Thailand,9,11.82142857,124.9285714
Thailand,10,7.107142857,68.25
Thailand,11,8.5,93.39285714
Thailand,12,8,78.32142857
Thailand,13,5.75,63
Thailand,14,4.75,70.125
Turkey,1,22.215,63.62268519
Turkey,2,21.65142857,79.88095238
Turkey,3,26.23571429,114.0965608
Turkey,4,25.74761905,85.94444444
Turkey,5,29.82857143,102.9246032
Turkey,6,22.34952381,55.90277778
Turkey,7,23.8047619,56.67460317
Turkey,8,21.10714286,96.42857143
Turkey,9,21.64603175,64.51613757
Turkey,10,27.06369048,86.89900794
Turkey,11,20.91269841,88.27380952
Turkey,12,17.35714286,55.96984127
Turkey,13,15.05634921,70.83730159
Turkey,14,15.65833333,62.86111111
UK,1,11.17666667,40.225
UK,2,12.21904762,33.12380952
UK,3,14.09285714,27.58095238
UK,4,16.49047619,45.11428571
UK,5,12.2952381,30.49047619
UK,6,13.67619048,44.46349206
UK,7,11.43492063,26.4231746
UK,8,10.61031746,27.15428571
UK,9,13.61746032,24.5047619
UK,10,16.1047619,38.76031746
UK,11,9.919047619,25.96190476
UK,12,8.99047619,28.64285714
UK,13,9.420634921,58.36666667
UK,14,7.1,24.63333333
USA,1,21.61666667,43.02604167
USA,2,20.8968254,34.95982143
USA,3,17.51190476,42.3125
USA,4,22.5,40.25
USA,5,18.69047619,38.83035714
USA,6,19.87301587,33.66964286
USA,7,18.85714286,37.38888889
USA,8,15.91468254,36.99181548
USA,9,19.67460317,30.26339286
USA,10,13.94642857,31.89732143
USA,11,11.63095238,29.96130952
USA,12,10.6547619,27.4375
USA,13,8.761904762,32.34821429
USA,14,11.25,24.25
Venezuela,1,,83.625
Venezuela,2,7.785714286,63
Venezuela,3,9.285714286,64.42857143
Venezuela,4,6.214285714,72.14285714
Venezuela,5,3.857142857,30.21428571
Venezuela,6,6.857142857,57.92857143
Venezuela,7,6.571428571,72.14285714
Venezuela,8,6.285714286,80.21428571
Venezuela,9,5.785714286,73.21428571
Venezuela,10,2.071428571,24.28571429
Venezuela,11,5.785714286,49.42857143
Venezuela,12,2.214285714,36.71428571
Venezuela,13,2.071428571,28.64285714
Venezuela,14,2,36.75
Vietnam,1,21.04444444,79.88888889
Vietnam,2,52.36190476,75.6984127
Vietnam,3,74.7047619,91.05291005
Vietnam,4,19.74603175,77.12962963
Vietnam,5,12.36507937,75.84126984
Vietnam,6,9.028571429,76.77777778
Vietnam,7,13.05079365,71.28306878
Vietnam,8,15.3968254,96.67195767
Vietnam,9,13.57142857,93.42857143
Vietnam,10,12.87301587,71.32380952
Vietnam,11,12.68253968,84.10793651
Vietnam,12,9.166666667,75.91269841
Vietnam,13,7.857142857,69.17460317
Vietnam,14,5.944444444,59.83333333
Afghanistan,1,,163
Afghanistan,2,,12
Afghanistan,3,,
Afghanistan,4,,189
Afghanistan,5,,140
Afghanistan,6,,144.1428571
Afghanistan,7,,179.1428571
Afghanistan,8,,115.7142857
Afghanistan,9,,106.1428571
Afghanistan,10,,113.1428571
Afghanistan,11,,107.2857143
Afghanistan,12,,113.5714286
Afghanistan,13,,88.57142857
Afghanistan,14,,62.5
Algeria,1,,98.5
Algeria,2,,81.28571429
Algeria,3,,77
Algeria,4,,100.8571429
Algeria,5,,65.42857143
Algeria,6,,73.71428571
Algeria,7,,103.6
Algeria,8,,87.71428571
Algeria,9,,78.28571429
Algeria,10,,62.85714286
Algeria,11,,67
Algeria,12,,71.28571429
Algeria,13,,58.28571429
Algeria,14,,56
Bangladesh,1,,185.25
Bangladesh,2,,206
Bangladesh,3,,259.8571429
Bangladesh,4,,230.2857143
Bangladesh,5,,270.8571429
Bangladesh,6,,201
Bangladesh,7,,217.2857143
Bangladesh,8,,253.8571429
Bangladesh,9,,204.1428571
Bangladesh,10,,182
Bangladesh,11,,184.5714286
Bangladesh,12,,175
Bangladesh,13,,172
Bangladesh,14,,120.5
Colombia,1,,56.5
Colombia,2,,56.57142857
Colombia,3,,54.14285714
Colombia,4,,53.42857143
Colombia,5,,66.57142857
Colombia,6,,77.57142857
Colombia,7,,92.85714286
Colombia,8,,78.57142857
Colombia,9,,89.85714286
Colombia,10,,111
Colombia,11,,125
Colombia,12,,136.8571429
Colombia,13,,131
Colombia,14,,130
Costa Rica,1,,40.83333333
Costa Rica,2,,22.69047619
Costa Rica,3,,47.64285714
Costa Rica,4,,33.28571429
Costa Rica,5,,71.7
Costa Rica,6,,54.5
Costa Rica,7,,55.81904762
Costa Rica,8,,33.61904762
Costa Rica,9,,46.23809524
Costa Rica,10,,53.66666667
Costa Rica,11,,42.11904762
Costa Rica,12,,47.6547619
Costa Rica,13,,42.79761905
Costa Rica,14,,57.25
C̫te d'Ivoire,1,,
C̫te d'Ivoire,2,,
C̫te d'Ivoire,3,,
C̫te d'Ivoire,4,,
C̫te d'Ivoire,5,,
C̫te d'Ivoire,6,,
C̫te d'Ivoire,7,,
C̫te d'Ivoire,8,,
C̫te d'Ivoire,9,,
C̫te d'Ivoire,10,,
C̫te d'Ivoire,11,,74.42857143
C̫te d'Ivoire,12,,75.14285714
C̫te d'Ivoire,13,,44.71428571
C̫te d'Ivoire,14,,27
El Salvador,1,,40.83333333
El Salvador,2,,22.69047619
El Salvador,3,,47.64285714
El Salvador,4,,33.28571429
El Salvador,5,,71.7
El Salvador,6,,54.5
El Salvador,7,,55.81904762
El Salvador,8,,33.61904762
El Salvador,9,,46.23809524
El Salvador,10,,53.66666667
El Salvador,11,,42.11904762
El Salvador,12,,47.6547619
El Salvador,13,,42.79761905
El Salvador,14,,57.25
Ethiopia,1,,49.33333333
Ethiopia,2,,66
Ethiopia,3,,72.14285714
Ethiopia,4,,74.57142857
Ethiopia,5,,83.85714286
Ethiopia,6,,66.14285714
Ethiopia,7,,66.14285714
Ethiopia,8,,65.85714286
Ethiopia,9,,70.14285714
Ethiopia,10,,99.42857143
Ethiopia,11,,80.28571429
Ethiopia,12,,66.33333333
Ethiopia,13,,71.85714286
Ethiopia,14,,60
Guinea,1,,
Guinea,2,,
Guinea,3,,
Guinea,4,,
Guinea,5,,
Guinea,6,,
Guinea,7,,
Guinea,8,,
Guinea,9,,
Guinea,10,,
Guinea,11,,108.25
Guinea,12,,119.7142857
Guinea,13,,90.57142857
Guinea,14,,91
Indonesia,1,,94.58333333
Indonesia,2,,92.41071429
Indonesia,3,,98.86607143
Indonesia,4,,99.96428571
Indonesia,5,,92.60714286
Indonesia,6,,88.60119048
Indonesia,7,,105.1785714
Indonesia,8,,87.96428571
Indonesia,9,,83.28571429
Indonesia,10,,89.17857143
Indonesia,11,,98.71428571
Indonesia,12,,105.8928571
Indonesia,13,,105.4285714
Indonesia,14,,118.375
Kazakhstan,1,,
Kazakhstan,2,,
Kazakhstan,3,,
Kazakhstan,4,,
Kazakhstan,5,,
Kazakhstan,6,,
Kazakhstan,7,,91.5
Kazakhstan,8,,107.8571429
Kazakhstan,9,,81.71428571
Kazakhstan,10,,80.5
Kazakhstan,11,,99.14285714
Kazakhstan,12,,84.28571429
Kazakhstan,13,,77.66666667
Kazakhstan,14,,63
Kenya,1,,136
Kenya,2,,156
Kenya,3,,168.8
Kenya,4,,179.5714286
Kenya,5,,137.1428571
Kenya,6,,128.1428571
Kenya,7,,165.7142857
Kenya,8,,135.7142857
Kenya,9,,139.8571429
Kenya,10,,149.2857143
Kenya,11,,116.2857143
Kenya,12,,139.1428571
Kenya,13,,103.4285714
Kenya,14,,104
Mali,1,,169.5
Mali,2,,186.4285714
Mali,3,,163.4285714
Mali,4,,276.5714286
Mali,5,,196.2857143
Mali,6,,129.2857143
Mali,7,,213.4285714
Mali,8,,160.8571429
Mali,9,,179
Mali,10,,164.1428571
Mali,11,,152.5714286
Mali,12,,165.2857143
Mali,13,,186
Mali,14,,123.5
Pakistan,1,,231.25
Pakistan,2,,173.9047619
Pakistan,3,,171.1904762
Pakistan,4,,175
Pakistan,5,,149.9047619
Pakistan,6,,109.2857143
Pakistan,7,,145.2380952
Pakistan,8,,151.2380952
Pakistan,9,,149.952381
Pakistan,10,,122.3809524
Pakistan,11,,113.5238095
Pakistan,12,,134.7619048
Pakistan,13,,85.19047619
Pakistan,14,,92.5
Puerto Rico,1,,40.83333333
Puerto Rico,2,,22.69047619
Puerto Rico,3,,47.64285714
Puerto Rico,4,,33.28571429
Puerto Rico,5,,71.7
Puerto Rico,6,,54.5
Puerto Rico,7,,55.81904762
Puerto Rico,8,,33.61904762
Puerto Rico,9,,46.23809524
Puerto Rico,10,,53.66666667
Puerto Rico,11,,42.11904762
Puerto Rico,12,,47.6547619
Puerto Rico,13,,42.79761905
Puerto Rico,14,,57.25
Uganda,1,,136
Uganda,2,,156
Uganda,3,,168.8
Uganda,4,,179.5714286
Uganda,5,,137.1428571
Uganda,6,,128.1428571
Uganda,7,,165.7142857
Uganda,8,,135.7142857
Uganda,9,,139.8571429
Uganda,10,,149.2857143
Uganda,11,,116.2857143
Uganda,12,,139.1428571
Uganda,13,,103.4285714
Uganda,14,,104
Ukraine,1,,74.5
Ukraine,2,,90.28571429
Ukraine,3,,93
Ukraine,4,,74.28571429
Ukraine,5,,106
Ukraine,6,,35
Ukraine,7,,64.42857143
Ukraine,8,,89.57142857
Ukraine,9,,62.85714286
Ukraine,10,,76.42857143
Ukraine,11,,54.57142857
Ukraine,12,,60.57142857
Ukraine,13,,18.5
Ukraine,14,,119
Uzbekistan,1,,119
Uzbekistan,2,,88.85714286
Uzbekistan,3,,130.8571429
Uzbekistan,4,,137.4285714
Uzbekistan,5,,112.7142857
Uzbekistan,6,,96.71428571
Uzbekistan,7,,100.5714286
Uzbekistan,8,,105.7142857
Uzbekistan,9,,101.7142857
Uzbekistan,10,,100.8571429
Uzbekistan,11,,135.4285714
Uzbekistan,12,,99.42857143
Uzbekistan,13,,114.8571429
Uzbekistan,14,,90.5